[
  {
    "icon": "fa fa-home",
    "slug": "external",
    "title": "Volver al inicio",
    "path": "index.html"
  },
  {
    "id": 0,
    "icon": "fa fa-play-circle",
    "slug": "tema-1",
    "title": "1. Toma de medidas antropométricas",
    "breadcrumb": ["Inicio","tema 1"],
    "path": "pages/tema-1.html",
    "submenu": [
      {
        "icon": "fa fa-file-text-o",
        "slug": "tema-1",
        "title": "1.1 Resolución 2465 de 2016",
        "anchor": "tema-11"
      },
      {
        "icon": "fa fa-file-text-o",
        "slug": "tema-1",
        "title": "1.2 Resolución 1885 y 2438 de 2018",
        "anchor": "tema-12"
      },
      {
        "icon": "fa fa-file-text-o",
        "slug": "tema-3",
        "title": "1.3. Resolución 1343 de 2019",
        "path": "pages/tema-3.html"
      },
      {
        "icon": "fa fa-file-text-o",
        "slug": "tema-4",
        "title": "1.4. Lineamiento para el manejo integrado de la desnutrición aguda moderada y severa ",
        "path": "pages/tema-4.html"
      },
      {
        "icon": "fa fa-file-text-o",
        "slug": "tema-5",
        "title": "1.5. Protocolo de vigilancia en salud pública: desnutrición aguda moderada y severa en menores de cinco (5) años",
        "path": "pages/tema-5.html"
      }
    ]
  }    
]